{"Humidity": 79.80000305, "Temperature": 9.5, "HeatIndex": 8.58913517, "SoilMoisture": 1515}